TransactionID,AccountID,TransactionDate,TransactionAmount,TransactionCategory,PaymentMethod,Location
TXN0016,ACC1018,2026-07-25 04:08:00,84741,Bills,Card,Hisar
TXN0095,ACC1005,2026-07-14 20:09:00,45609,Electronics,UPI,Chandigarh
TXN0051,ACC1002,2026-07-15 08:48:00,86347,Bills,Net Banking,Panipat
TXN0106,ACC1012,2026-07-17 16:58:00,83681,Entertainment,Net Banking,Delhi
TXN0110,ACC1014,2026-07-04 04:02:00,504,Bills,Card,Panipat
TXN0066,ACC1002,2026-07-19 19:42:00,20940,Travel,Wallet,Gurugram
TXN0019,ACC1003,2026-07-29 01:55:00,36847,Transfer,Card,Rohtak
TXN0046,ACC1007,2026-07-17 15:50:00,22778,Food,Card,Hisar
TXN0037,ACC1005,2026-07-30 07:55:00,73206,Shopping,Card,Hisar
TXN0056,ACC1016,2026-07-01 12:21:00,16864,Shopping,Wallet,Rohtak
TXN0086,ACC1003,2026-07-11 08:20:00,1149,Transfer,Wallet,Delhi
TXN0143,ACC1003,2026-07-17 20:11:00,107377,Travel,Net Banking,Chandigarh
TXN0020,ACC1005,2026-07-24 18:36:00,111993,Bills,UPI,Delhi
TXN0148,ACC1006,2026-07-31 06:21:00,8145,Food,Net Banking,Delhi
TXN0087,ACC1001,2026-07-17 11:39:00,15246,Entertainment,Card,Chandigarh
TXN0094,ACC1005,2026-07-17 18:21:00,1022,Transfer,UPI,Hisar
TXN0120,ACC1001,2026-07-03 04:17:00,92622,Entertainment,Wallet,Rohtak
TXN0013,ACC1010,2026-07-14 05:29:00,16830,Food,Net Banking,Hisar
TXN0010,ACC1015,2026-07-05 08:08:00,84438,Electronics,Net Banking,Gurugram
TXN0115,ACC1018,2026-07-07 18:13:00,2108,Entertainment,Card,Gurugram
TXN0030,ACC1002,2026-07-20 18:06:00,26984,Travel,Net Banking,Delhi
TXN0043,ACC1014,2026-07-03 21:58:00,30286,Entertainment,Wallet,Chandigarh
TXN0136,ACC1014,2026-07-19 12:33:00,48525,Bills,Net Banking,Gurugram
TXN0068,ACC1014,2026-07-16 17:48:00,114332,Shopping,UPI,Chandigarh
TXN0137,ACC1003,2026-07-17 20:07:00,26353,Travel,Card,Delhi
TXN0031,ACC1008,2026-07-12 09:10:00,3789,Entertainment,UPI,Gurugram
TXN0097,ACC1010,2026-07-08 23:05:00,63173,Travel,Net Banking,Delhi
TXN0032,ACC1009,2026-07-04 03:47:00,7546,Healthcare,Card,Hisar
TXN0079,ACC1002,2026-07-08 09:45:00,2516,Bills,Net Banking,Hisar
TXN0067,ACC1012,2026-07-26 08:21:00,2490,Bills,UPI,Gurugram
TXN0141,ACC1001,2026-07-02 11:53:00,61835,Transfer,UPI,Panipat
TXN0119,ACC1016,2026-07-28 12:27:00,1084,Food,Net Banking,Rohtak
TXN0070,ACC1018,2026-07-11 11:44:00,9438,Food,Card,Chandigarh
TXN0027,ACC1003,2026-07-03 05:04:00,80828,Food,Card,Rohtak
TXN0133,ACC1001,2026-07-16 23:27:00,7116,Healthcare,UPI,Panipat
TXN0147,ACC1003,2026-07-23 23:43:00,41168,Shopping,Net Banking,Chandigarh
TXN0057,ACC1003,2026-07-22 00:05:00,7223,Shopping,Net Banking,Panipat
TXN0023,ACC1015,2026-07-08 02:28:00,4708,Bills,Card,Panipat
TXN0102,ACC1001,2026-07-08 12:36:00,3140,Electronics,Net Banking,Delhi
TXN0082,ACC1017,2026-07-18 15:28:00,21306,Entertainment,UPI,Delhi
TXN0012,ACC1002,2026-07-20 14:33:00,2259,Entertainment,Net Banking,Delhi
TXN0114,ACC1001,2026-07-21 20:38:00,5828,Travel,Card,Delhi
TXN0146,ACC1010,2026-07-31 20:44:00,39498,Electronics,Net Banking,Gurugram
TXN0085,ACC1011,2026-07-11 21:06:00,33488,Electronics,UPI,Panipat
TXN0028,ACC1020,2026-07-02 19:05:00,39125,Entertainment,Card,Hisar
TXN0069,ACC1001,2026-07-13 22:15:00,98368,Healthcare,Wallet,Hisar
TXN0113,ACC1012,2026-07-18 20:22:00,696,Transfer,UPI,Hisar
TXN0042,ACC1003,2026-07-04 12:57:00,55817,Shopping,Card,Chandigarh
TXN0005,ACC1010,2026-07-27 20:39:00,3162,Bills,Net Banking,Delhi
TXN0033,ACC1003,2026-07-28 08:32:00,4202,Electronics,Net Banking,Delhi
TXN0052,ACC1003,2026-07-23 09:15:00,10502,Travel,Card,Panipat
TXN0096,ACC1003,2026-07-28 17:24:00,2794,Food,Card,Hisar
TXN0134,ACC1002,2026-07-14 00:29:00,106267,Electronics,Net Banking,Delhi
TXN0017,ACC1010,2026-07-13 21:41:00,117839,Food,Card,Gurugram
TXN0144,ACC1002,2026-07-13 13:49:00,39591,Food,Net Banking,Delhi
TXN0011,ACC1005,2026-07-17 15:05:00,19108,Electronics,UPI,Panipat
TXN0061,ACC1006,2026-07-20 19:47:00,46846,Food,UPI,Chandigarh
TXN0098,ACC1002,2026-07-11 01:18:00,11141,Electronics,Card,Gurugram
TXN0083,ACC1008,2026-07-31 21:53:00,4912,Travel,Wallet,Rohtak
TXN0001,ACC1004,2026-07-01 23:17:00,2206,Electronics,UPI,Delhi
TXN0076,ACC1014,2026-07-20 19:50:00,99856,Transfer,Net Banking,Rohtak
TXN0011,ACC1005,2026-07-17 15:05:00,19108,Electronics,UPI,Panipat
TXN0121,ACC1020,2026-07-14 03:50:00,78183,Transfer,Card,Panipat
TXN0025,ACC1015,2026-07-10 13:44:00,15844,Bills,Net Banking,Gurugram
TXN0065,ACC1014,2026-07-27 23:37:00,2398,Entertainment,Wallet,Gurugram
TXN0045,ACC1001,2026-07-10 09:13:00,92237,Transfer,Wallet,Hisar
TXN0077,ACC1014,2026-07-10 18:39:00,14988,Bills,Net Banking,Hisar
TXN0029,ACC1011,2026-07-08 08:25:00,89321,Healthcare,UPI,Delhi
TXN0041,ACC1009,2026-07-06 18:16:00,39548,Healthcare,Wallet,Rohtak
TXN0118,ACC1019,2026-07-04 14:32:00,21420,Transfer,UPI,Delhi
TXN0026,ACC1002,2026-07-19 23:34:00,699,Transfer,Card,Delhi
TXN0024,ACC1002,2026-07-16 06:55:00,71579,Shopping,Wallet,Chandigarh
TXN0105,ACC1002,2026-07-24 04:05:00,10352,Bills,Card,Rohtak
TXN0040,ACC1011,2026-07-09 02:49:00,116768,Healthcare,UPI,Delhi
TXN0080,ACC1019,2026-07-22 06:27:00,27366,Travel,UPI,Delhi
TXN0150,ACC1001,2026-07-27 22:49:00,55726,Healthcare,Card,Panipat
TXN0129,ACC1001,2026-07-12 09:46:00,2857,Travel,Card,Rohtak
TXN0048,ACC1003,2026-07-07 22:44:00,13099,Shopping,UPI,Panipat
TXN0123,ACC1001,2026-07-22 15:04:00,62219,Food,Net Banking,Gurugram
TXN0125,ACC1002,2026-07-31 09:38:00,10761,Travel,Wallet,Gurugram
TXN0074,ACC1011,2026-07-06 01:16:00,58564,Transfer,UPI,Rohtak
TXN0034,ACC1001,2026-07-11 04:40:00,107912,Shopping,UPI,Delhi
TXN0099,ACC1001,2026-07-03 19:55:00,81566,Travel,Card,Panipat
TXN0112,ACC1014,2026-07-31 08:02:00,8559,Healthcare,UPI,Hisar
TXN0063,ACC1001,2026-07-12 17:27:00,3235,Electronics,Wallet,Delhi
TXN0138,ACC1001,2026-07-09 06:11:00,17455,Transfer,Wallet,Rohtak
TXN0091,ACC1011,2026-07-30 16:17:00,89132,Travel,Wallet,Rohtak
TXN0054,ACC1002,2026-07-29 18:44:00,99857,Shopping,Net Banking,Chandigarh
TXN0006,ACC1001,2026-07-28 03:24:00,12428,Healthcare,Net Banking,Gurugram
TXN0142,ACC1019,2026-07-21 06:20:00,58109,Food,Net Banking,Hisar
TXN0111,ACC1002,2026-07-12 21:47:00,70253,Food,Wallet,Rohtak
TXN0050,ACC1017,2026-07-18 19:20:00,116162,Transfer,Card,Hisar
TXN0036,ACC1002,2026-07-29 01:57:00,3131,Healthcare,Wallet,Rohtak
TXN0081,ACC1001,2026-07-26 09:38:00,66299,Entertainment,Wallet,Chandigarh
TXN0078,ACC1001,2026-07-06 07:11:00,50350,Transfer,Wallet,Chandigarh
TXN0035,ACC1005,2026-07-18 01:53:00,69410,Travel,UPI,Chandigarh
TXN0126,ACC1001,2026-07-12 17:23:00,79643,Shopping,Net Banking,Delhi
TXN0008,ACC1009,2026-07-30 20:44:00,4762,Bills,UPI,Chandigarh
TXN0044,ACC1013,2026-07-23 09:35:00,8143,Entertainment,Wallet,Rohtak
TXN0071,ACC1004,2026-07-24 17:48:00,27090,Entertainment,UPI,Gurugram
TXN0109,ACC1008,2026-07-16 00:39:00,4799,Transfer,Net Banking,Hisar
TXN0092,ACC1016,2026-07-12 10:35:00,11180,Bills,Wallet,Gurugram
TXN0084,ACC1003,2026-07-15 08:11:00,4995,Transfer,Net Banking,Panipat
TXN0139,ACC1019,2026-07-15 21:59:00,40817,Travel,Wallet,Delhi
TXN0140,ACC1016,2026-07-15 20:19:00,2450,Entertainment,Wallet,Panipat
TXN0090,ACC1002,2026-07-16 07:29:00,7369,Food,Net Banking,Panipat
TXN0009,ACC1002,2026-07-09 02:13:00,19358,Transfer,Wallet,Hisar
TXN0014,ACC1017,2026-07-20 06:09:00,3263,Healthcare,Wallet,Delhi
TXN0060,ACC1001,2026-07-20 04:15:00,12758,Transfer,Net Banking,Chandigarh
TXN0132,ACC1003,2026-07-02 00:13:00,45144,Entertainment,Net Banking,Delhi
TXN0004,ACC1012,2026-07-28 11:38:00,2366,Electronics,UPI,Rohtak
TXN0018,ACC1001,2026-07-11 00:37:00,4737,Food,UPI,Gurugram
TXN0039,ACC1001,2026-07-27 14:22:00,18443,Shopping,Card,Panipat
TXN0073,ACC1010,2026-07-23 04:40:00,48597,Transfer,Wallet,Panipat
TXN0135,ACC1002,2026-07-01 10:10:00,3969,Electronics,UPI,Gurugram
TXN0007,ACC1009,2026-07-23 21:41:00,14980,Travel,Wallet,Panipat
TXN0124,ACC1018,2026-07-02 18:35:00,66021,Healthcare,Wallet,Hisar
TXN0101,ACC1012,2026-07-19 09:40:00,28195,Bills,Wallet,Panipat
TXN0003,ACC1001,2026-07-23 13:21:00,2476,Food,Wallet,Delhi
TXN0064,ACC1014,2026-07-31 11:40:00,16588,Entertainment,Wallet,Panipat
TXN0116,ACC1018,2026-07-09 05:07:00,7159,Healthcare,UPI,Gurugram
TXN0055,ACC1013,2026-07-28 13:34:00,78906,Bills,Net Banking,Panipat
TXN0108,ACC1002,2026-07-18 03:29:00,84362,Healthcare,UPI,Hisar
TXN0051,ACC1002,2026-07-15 08:48:00,86347,Bills,Net Banking,Panipat
TXN0127,ACC1006,2026-07-09 22:48:00,10567,Travel,Wallet,Delhi
TXN0047,ACC1010,2026-07-08 06:09:00,400,Transfer,Wallet,Hisar
TXN0128,ACC1005,2026-07-24 20:01:00,78197,Electronics,Wallet,Chandigarh
TXN0062,ACC1019,2026-07-22 12:25:00,1824,Entertainment,UPI,Rohtak
TXN0026,ACC1002,2026-07-19 23:34:00,699,Transfer,Card,Delhi
TXN0059,ACC1016,2026-07-01 23:34:00,626,Shopping,Card,Gurugram
TXN0049,ACC1008,2026-07-06 22:33:00,4005,Transfer,Card,Panipat
TXN0089,ACC1014,2026-07-03 07:53:00,70181,Entertainment,Net Banking,Panipat
TXN0022,ACC1011,2026-07-26 03:15:00,8116,Electronics,Card,Chandigarh
TXN0058,ACC1011,2026-07-07 14:20:00,48824,Electronics,Net Banking,Delhi
TXN0149,ACC1017,2026-07-25 17:53:00,5618,Electronics,Card,Gurugram
TXN0130,ACC1002,2026-07-22 02:17:00,113656,Electronics,Net Banking,Gurugram
TXN0038,ACC1011,2026-07-26 13:51:00,64168,Shopping,Wallet,Gurugram
TXN0145,ACC1018,2026-07-22 12:18:00,47904,Food,Card,Chandigarh
TXN0002,ACC1003,2026-07-07 07:32:00,14195,Transfer,Net Banking,Delhi
TXN0053,ACC1005,2026-07-23 06:04:00,111069,Shopping,Card,Panipat
TXN0131,ACC1017,2026-07-04 11:27:00,42223,Shopping,Card,Panipat
TXN0104,ACC1007,2026-07-20 08:43:00,23183,Transfer,UPI,Rohtak
TXN0100,ACC1009,2026-07-15 08:42:00,46366,Travel,UPI,Panipat
TXN0117,ACC1002,2026-07-02 04:47:00,58330,Transfer,Net Banking,Rohtak
TXN0088,ACC1015,2026-07-29 22:31:00,5472,Entertainment,UPI,Rohtak
TXN0075,ACC1003,2026-07-22 01:09:00,1422,Bills,UPI,Rohtak
TXN0122,ACC1011,2026-07-27 14:25:00,90966,Healthcare,Net Banking,Chandigarh
TXN0076,ACC1014,2026-07-20 19:50:00,99856,Transfer,Net Banking,Rohtak
TXN0021,ACC1003,2026-07-14 11:27:00,3567,Shopping,Wallet,Hisar
TXN0072,ACC1002,2026-07-08 11:11:00,43200,Shopping,UPI,Rohtak
TXN0107,ACC1015,2026-07-31 02:09:00,42161,Food,Wallet,Delhi
TXN0015,ACC1001,2026-07-30 11:56:00,2719,Food,Wallet,Delhi
TXN0093,ACC1002,2026-07-02 10:47:00,99968,Travel,Wallet,Delhi
TXN0103,ACC1019,2026-07-28 21:49:00,39870,Bills,Net Banking,Gurugram
